{
  "info": {
    "name": "Laravel Assessment - Task A API",
    "description": "API endpoints for Product Import and Chunked Image Upload",
    "schema": "https://schema.getpostman.com/json/collection/v2.1.0/collection.json"
  },
  "item": [
    {
      "name": "Product Import",
      "item": [
        {
          "name": "Import Products from CSV",
          "request": {
            "method": "POST",
            "header": [],
            "body": {
              "mode": "formdata",
              "formdata": [
                {
                  "key": "csv_file",
                  "type": "file",
                  "src": "/path/to/products.csv"
                }
              ]
            },
            "url": {
              "raw": "{{base_url}}/api/products/import",
              "host": ["{{base_url}}"],
              "path": ["api", "products", "import"]
            }
          },
          "response": []
        }
      ]
    },
    {
      "name": "Chunked Upload",
      "item": [
        {
          "name": "1. Initialize Upload",
          "request": {
            "method": "POST",
            "header": [
              {
                "key": "Content-Type",
                "value": "application/json"
              }
            ],
            "body": {
              "mode": "raw",
              "raw": "{\n  \"filename\": \"product-image.jpg\",\n  \"mime_type\": \"image/jpeg\",\n  \"total_size\": 5242880,\n  \"total_chunks\": 10,\n  \"checksum\": \"e3b0c44298fc1c149afbf4c8996fb92427ae41e4649b934ca495991b7852b855\"\n}"
            },
            "url": {
              "raw": "{{base_url}}/api/uploads/initialize",
              "host": ["{{base_url}}"],
              "path": ["api", "uploads", "initialize"]
            }
          },
          "response": []
        },
        {
          "name": "2. Upload Chunk",
          "request": {
            "method": "POST",
            "header": [
              {
                "key": "Content-Type",
                "value": "application/json"
              }
            ],
            "body": {
              "mode": "raw",
              "raw": "{\n  \"chunk_index\": 0,\n  \"chunk_data\": \"base64_encoded_chunk_data_here...\"\n}"
            },
            "url": {
              "raw": "{{base_url}}/api/uploads/{{upload_id}}/chunk",
              "host": ["{{base_url}}"],
              "path": ["api", "uploads", "{{upload_id}}", "chunk"]
            }
          },
          "response": []
        },
        {
          "name": "3. Complete Upload",
          "request": {
            "method": "POST",
            "header": [],
            "url": {
              "raw": "{{base_url}}/api/uploads/{{upload_id}}/complete",
              "host": ["{{base_url}}"],
              "path": ["api", "uploads", "{{upload_id}}", "complete"]
            }
          },
          "response": []
        },
        {
          "name": "4. Get Upload Status",
          "request": {
            "method": "GET",
            "header": [],
            "url": {
              "raw": "{{base_url}}/api/uploads/{{upload_id}}/status",
              "host": ["{{base_url}}"],
              "path": ["api", "uploads", "{{upload_id}}", "status"]
            }
          },
          "response": []
        },
        {
          "name": "5. Attach to Product",
          "request": {
            "method": "POST",
            "header": [
              {
                "key": "Content-Type",
                "value": "application/json"
              }
            ],
            "body": {
              "mode": "raw",
              "raw": "{\n  \"product_id\": 1,\n  \"set_as_primary\": true\n}"
            },
            "url": {
              "raw": "{{base_url}}/api/uploads/{{upload_id}}/attach-product",
              "host": ["{{base_url}}"],
              "path": ["api", "uploads", "{{upload_id}}", "attach-product"]
            }
          },
          "response": []
        }
      ]
    }
  ],
  "variable": [
    {
      "key": "base_url",
      "value": "http://localhost:8000",
      "type": "string"
    },
    {
      "key": "upload_id",
      "value": "1",
      "type": "string"
    }
  ]
}
