sku,name,description,price,stock
SKU000001,"Product 1","Description for product 1",15.51,135
SKU000002,"Product 2","Description for product 2",951.69,146
SKU000003,"Product 3","Description for product 3",888.55,440
SKU000004,"Product 4","Description for product 4",907.06,176
SKU000005,"Product 5","Description for product 5",484.06,354
SKU000006,"Product 6","Description for product 6",279.68,374
SKU000007,"Product 7","Description for product 7",1000.98,359
SKU000008,"Product 8","Description for product 8",632.57,146
SKU000009,"Product 9","Description for product 9",84.41,482
SKU000010,"Product 10","Description for product 10",670.15,182
SKU000011,"Product 11","Description for product 11",633.38,257
SKU000012,"Product 12","Description for product 12",997.22,131
SKU000013,"Product 13","Description for product 13",367.91,179
SKU000014,"Product 14","Description for product 14",61.54,177
SKU000015,"Product 15","Description for product 15",370.85,356
SKU000016,"Product 16","Description for product 16",518.39,186
SKU000017,"Product 17","Description for product 17",974.2,180
SKU000018,"Product 18","Description for product 18",784.89,268
SKU000019,"Product 19","Description for product 19",254.8,49
SKU000020,"Product 20","Description for product 20",104.16,187
SKU000021,"Product 21","Description for product 21",592.91,147
SKU000022,"Product 22","Description for product 22",800.51,122
SKU000023,"Product 23","Description for product 23",952.71,151
SKU000024,"Product 24","Description for product 24",380.57,176
SKU000025,"Product 25","Description for product 25",240.48,146
SKU000026,"Product 26","Description for product 26",789.71,353
SKU000027,"Product 27","Description for product 27",646.47,353
SKU000028,"Product 28","Description for product 28",842.38,446
SKU000029,"Product 29","Description for product 29",888.4,181
SKU000030,"Product 30","Description for product 30",863.92,327
SKU000031,"Product 31","Description for product 31",849.74,458
SKU000032,"Product 32","Description for product 32",37.59,404
SKU000033,"Product 33","Description for product 33",884.78,398
SKU000034,"Product 34","Description for product 34",765.42,486
SKU000035,"Product 35","Description for product 35",285.04,274
SKU000036,"Product 36","Description for product 36",707.13,430
SKU000037,"Product 37","Description for product 37",932.9,135
SKU000038,"Product 38","Description for product 38",821.03,322
SKU000039,"Product 39","Description for product 39",449.1,94
SKU000040,"Product 40","Description for product 40",571.29,51
SKU000041,"Product 41","Description for product 41",215.22,35
SKU000042,"Product 42","Description for product 42",951.07,222
SKU000043,"Product 43","Description for product 43",300.96,236
SKU000044,"Product 44","Description for product 44",999.42,476
SKU000045,"Product 45","Description for product 45",880.55,72
SKU000046,"Product 46","Description for product 46",438.34,91
SKU000047,"Product 47","Description for product 47",928.88,225
SKU000048,"Product 48","Description for product 48",167.76,30
SKU000049,"Product 49","Description for product 49",488.82,232
SKU000050,"Product 50","Description for product 50",891.32,24
SKU000051,"Product 51","Description for product 51",183.08,291
SKU000052,"Product 52","Description for product 52",460.02,300
SKU000053,"Product 53","Description for product 53",464.15,181
SKU000054,"Product 54","Description for product 54",474.15,382
SKU000055,"Product 55","Description for product 55",698.15,310
SKU000056,"Product 56","Description for product 56",247.36,230
SKU000057,"Product 57","Description for product 57",947.43,360
SKU000058,"Product 58","Description for product 58",160.98,488
SKU000059,"Product 59","Description for product 59",197.67,106
SKU000060,"Product 60","Description for product 60",170.6,246
SKU000061,"Product 61","Description for product 61",573.45,164
SKU000062,"Product 62","Description for product 62",328.92,326
SKU000063,"Product 63","Description for product 63",494.35,426
SKU000064,"Product 64","Description for product 64",105.99,480
SKU000065,"Product 65","Description for product 65",356.29,35
SKU000066,"Product 66","Description for product 66",78.37,273
SKU000067,"Product 67","Description for product 67",924.09,429
SKU000068,"Product 68","Description for product 68",729.6,444
SKU000069,"Product 69","Description for product 69",276.32,233
SKU000070,"Product 70","Description for product 70",130.19,12
SKU000071,"Product 71","Description for product 71",525.98,217
SKU000072,"Product 72","Description for product 72",319.23,82
SKU000073,"Product 73","Description for product 73",932.55,376
SKU000074,"Product 74","Description for product 74",162.29,7
SKU000075,"Product 75","Description for product 75",822.41,219
SKU000076,"Product 76","Description for product 76",268.46,445
SKU000077,"Product 77","Description for product 77",293.74,62
SKU000078,"Product 78","Description for product 78",879.73,190
SKU000079,"Product 79","Description for product 79",138.33,470
SKU000080,"Product 80","Description for product 80",276.16,415
SKU000081,"Product 81","Description for product 81",567.92,233
SKU000082,"Product 82","Description for product 82",925.77,373
SKU000083,"Product 83","Description for product 83",495.02,384
SKU000084,"Product 84","Description for product 84",934.33,398
SKU000085,"Product 85","Description for product 85",444.82,173
SKU000086,"Product 86","Description for product 86",140.99,24
SKU000087,"Product 87","Description for product 87",314.47,21
SKU000088,"Product 88","Description for product 88",539.9,322
SKU000089,"Product 89","Description for product 89",964.16,98
SKU000090,"Product 90","Description for product 90",545.26,0
SKU000091,"Product 91","Description for product 91",588.8,113
SKU000092,"Product 92","Description for product 92",869.88,181
SKU000093,"Product 93","Description for product 93",821.59,249
SKU000094,"Product 94","Description for product 94",681.06,24
SKU000095,"Product 95","Description for product 95",221.66,446
SKU000096,"Product 96","Description for product 96",553.83,174
SKU000097,"Product 97","Description for product 97",880.11,345
SKU000098,"Product 98","Description for product 98",241.16,208
SKU000099,"Product 99","Description for product 99",904.51,87
SKU000100,"Product 100","Description for product 100",111.81,257
